image_filename	class_id	class_name	x_center	y_center	box_width	box_height
000000000009.jpg	45	class_45	0.479492	0.688771	0.955609	0.5955
000000000009.jpg	45	class_45	0.736516	0.247188	0.498875	0.476417
000000000009.jpg	50	class_50	0.637063	0.732938	0.494125	0.510583
000000000009.jpg	45	class_45	0.339438	0.418896	0.678875	0.7815
000000000009.jpg	49	class_49	0.646836	0.132552	0.118047	0.0969375
000000000009.jpg	49	class_49	0.773148	0.129802	0.0907344	0.0972292
000000000009.jpg	49	class_49	0.668297	0.226906	0.131281	0.146896
000000000009.jpg	49	class_49	0.642859	0.0792187	0.148063	0.148062
000000000025.jpg	23	class_23	0.770336	0.489695	0.335891	0.697559
000000000025.jpg	23	class_23	0.185977	0.901608	0.206297	0.129554
000000000030.jpg	58	class_58	0.519219	0.451121	0.39825	0.75729
000000000030.jpg	75	class_75	0.501188	0.592138	0.26	0.456192
000000000034.jpg	22	class_22	0.346211	0.493259	0.689422	0.892118
000000000036.jpg	25	class_25	0.475759	0.414523	0.951518	0.672422
000000000036.jpg	0	person	0.671279	0.617945	0.645759	0.726859
000000000042.jpg	16	class_16	0.606687	0.341381	0.544156	0.51
000000000049.jpg	17	class_17	0.597835	0.63755	0.342283	0.36886
000000000049.jpg	17	class_17	0.324291	0.64808	0.219711	0.3164
000000000049.jpg	0	person	0.620039	0.5939	0.172415	0.14608
000000000049.jpg	0	person	0.385525	0.58557	0.14937	0.12586
000000000049.jpg	0	person	0.328898	0.70199	0.0313386	0.06714
000000000049.jpg	58	class_58	0.622546	0.89961	0.185932	0.09446
000000000049.jpg	0	person	0.760577	0.69423	0.0285564	0.05486
000000000049.jpg	0	person	0.510709	0.69215	0.0187927	0.04682
000000000049.jpg	0	person	0.929554	0.67602	0.0388451	0.01844
000000000061.jpg	0	person	0.445688	0.480615	0.075125	0.117295
000000000061.jpg	0	person	0.640086	0.471742	0.0508281	0.0814344
000000000061.jpg	20	class_20	0.643211	0.558852	0.129828	0.097623
000000000061.jpg	20	class_20	0.459703	0.592121	0.22175	0.159242
000000000061.jpg	0	person	0.435383	0.45832	0.0534531	0.111025
000000000064.jpg	2	car	0.292792	0.729031	0.367417	0.246281
000000000064.jpg	7	truck	0.239438	0.599242	0.259542	0.0929219
000000000064.jpg	11	class_11	0.279896	0.412773	0.077125	0.117453
000000000064.jpg	74	class_74	0.394146	0.184914	0.321458	0.237984
000000000071.jpg	2	car	0.752648	0.525833	0.0433594	0.033216
000000000071.jpg	2	car	0.835727	0.538498	0.0380469	0.028169
000000000071.jpg	2	car	0.700875	0.521455	0.0364375	0.0202347
000000000071.jpg	2	car	0.937398	0.559777	0.0424219	0.0335915
000000000071.jpg	6	class_6	0.452477	0.576408	0.755359	0.280892
000000000071.jpg	2	car	0.794984	0.538779	0.0368125	0.0261502
000000000071.jpg	2	car	0.953469	0.514906	0.026125	0.012723
000000000071.jpg	7	truck	0.539727	0.464061	0.0373281	0.0238967
000000000071.jpg	7	truck	0.58518	0.471397	0.0379844	0.0165962
000000000071.jpg	2	car	0.982555	0.572371	0.0348906	0.0300469
000000000071.jpg	2	car	0.767367	0.531279	0.0373906	0.0296948
000000000071.jpg	2	car	0.617961	0.476373	0.0250156	0.0100704
000000000071.jpg	2	car	0.588344	0.471491	0.0307812	0.0183333
000000000071.jpg	2	car	0.560102	0.471303	0.0302344	0.0119953
000000000071.jpg	2	car	0.796047	0.521796	0.0299687	0.0145775
000000000071.jpg	2	car	0.734094	0.523427	0.029375	0.02723
000000000072.jpg	23	class_23	0.658478	0.592133	0.677002	0.779766
000000000072.jpg	23	class_23	0.391581	0.556305	0.546862	0.887391
000000000073.jpg	3	motorcycle	0.497327	0.511852	0.948637	0.952609
000000000073.jpg	3	motorcycle	0.240637	0.217617	0.475398	0.424859
000000000074.jpg	16	class_16	0.32825	0.769577	0.463156	0.242207
000000000074.jpg	1	bicycle	0.128828	0.375258	0.249063	0.733333
000000000074.jpg	0	person	0.476187	0.289613	0.0287813	0.138099
000000000074.jpg	0	person	0.52143	0.258251	0.0211719	0.0608685
000000000074.jpg	0	person	0.569492	0.285235	0.0245469	0.122254
000000000074.jpg	0	person	0.746734	0.295869	0.0494687	0.0983568
000000000074.jpg	0	person	0.444961	0.298779	0.0239531	0.110047
000000000074.jpg	0	person	0.450773	0.271209	0.0182656	0.0569249
000000000077.jpg	0	person	0.53553	0.308733	0.2069	0.317147
000000000077.jpg	0	person	0.73609	0.272987	0.18926	0.259413
000000000077.jpg	36	class_36	0.13364	0.88656	0.10108	0.06464
000000000077.jpg	36	class_36	0.50059	0.413213	0.05466	0.07608
000000000077.jpg	0	person	0.14666	0.667293	0.194	0.441093
000000000077.jpg	0	person	0.59734	0.325733	0.0494	0.111253
000000000077.jpg	36	class_36	0.73492	0.39656	0.04812	0.0401067
000000000077.jpg	0	person	0.55563	0.265173	0.04586	0.220053
000000000078.jpg	74	class_74	0.762851	0.196119	0.349886	0.385474
000000000081.jpg	4	class_4	0.516492	0.469388	0.912516	0.748282
000000000086.jpg	0	person	0.423213	0.57982	0.252246	0.587453
000000000086.jpg	3	motorcycle	0.541543	0.766937	0.574727	0.451
000000000086.jpg	26	class_26	0.649219	0.546375	0.262891	0.172156
000000000089.jpg	43	class_43	0.805492	0.357625	0.0403594	0.275792
000000000089.jpg	43	class_43	0.760125	0.376135	0.0308125	0.221062
000000000089.jpg	43	class_43	0.84693	0.35051	0.0413594	0.287271
000000000089.jpg	43	class_43	0.884539	0.354979	0.0326094	0.289542
000000000089.jpg	43	class_43	0.917523	0.34999	0.0421406	0.297479
000000000089.jpg	69	class_69	0.478883	0.703823	0.525328	0.563062
000000000089.jpg	68	class_68	0.0923438	0.241927	0.184688	0.301896
000000000089.jpg	73	class_73	0.815477	0.727354	0.141328	0.06325
000000000089.jpg	73	class_73	0.865914	0.795917	0.178203	0.0702083
000000000089.jpg	73	class_73	0.900883	0.891187	0.198234	0.104417
000000000092.jpg	42	class_42	0.782797	0.638876	0.257312	0.722248
000000000092.jpg	55	class_55	0.490266	0.344941	0.587719	0.685386
000000000094.jpg	2	car	0.590102	0.689578	0.0669844	0.0900703
000000000094.jpg	7	truck	0.911406	0.725422	0.129062	0.218993
000000000109.jpg	16	class_16	0.861211	0.73232	0.0357969	0.0442067
000000000109.jpg	0	person	0.817984	0.691791	0.0331875	0.0786779
000000000109.jpg	0	person	0.929648	0.6725	0.0284219	0.0548558
000000000109.jpg	0	person	0.859836	0.609724	0.00710937	0.0194952
000000000109.jpg	13	class_13	0.615359	0.657127	0.0538438	0.0570913
000000000109.jpg	13	class_13	0.732055	0.705204	0.0629531	0.0557452
000000000109.jpg	0	person	0.121414	0.493966	0.00982813	0.0367308
000000000109.jpg	0	person	0.951336	0.666106	0.0143594	0.0271635
000000000110.jpg	56	class_56	0.293922	0.361479	0.155406	0.166667
000000000110.jpg	56	class_56	0.44668	0.410333	0.130984	0.247292
000000000110.jpg	42	class_42	0.609039	0.883219	0.296391	0.233563
000000000110.jpg	43	class_43	0.44157	0.875375	0.0263281	0.24925
000000000110.jpg	53	class_53	0.477352	0.902354	0.527641	0.17175
000000000110.jpg	60	class_60	0.29882	0.235885	0.225172	0.158021
000000000110.jpg	0	person	0.662641	0.494385	0.674719	0.988771
000000000110.jpg	0	person	0.198031	0.560677	0.392687	0.586521
000000000110.jpg	0	person	0.487922	0.144948	0.200563	0.285396
000000000110.jpg	0	person	0.360898	0.09825	0.106328	0.1965
000000000110.jpg	0	person	0.28382	0.0939375	0.126391	0.178792
000000000110.jpg	0	person	0.101781	0.181698	0.203563	0.363396
000000000110.jpg	0	person	0.229195	0.0578125	0.0485469	0.115625
000000000110.jpg	0	person	0.662703	0.0901562	0.05425	0.175229
000000000110.jpg	41	class_41	0.302555	0.184302	0.0300156	0.0379792
000000000110.jpg	56	class_56	0.0354844	0.455885	0.0700937	0.352854
000000000110.jpg	56	class_56	0.664039	0.177365	0.0357656	0.0266458
000000000110.jpg	60	class_60	0.956766	0.246594	0.0864688	0.0742708
000000000110.jpg	0	person	0.422117	0.0313958	0.0221719	0.0597083
000000000110.jpg	0	person	0.586672	0.0973229	0.124219	0.194646
000000000110.jpg	60	class_60	0.502242	0.893083	0.994641	0.213833
000000000110.jpg	41	class_41	0.269547	0.186688	0.0292187	0.0487083
000000000110.jpg	41	class_41	0.343391	0.184292	0.0312187	0.0327917
000000000110.jpg	41	class_41	0.369352	0.1825	0.0258281	0.0487083
000000000113.jpg	56	class_56	0.409675	0.645094	0.376851	0.098875
000000000113.jpg	56	class_56	0.112825	0.950797	0.17262	0.0967812
000000000113.jpg	0	person	0.19274	0.404625	0.364663	0.711062
000000000113.jpg	41	class_41	0.230937	0.763773	0.124038	0.0955156
000000000113.jpg	41	class_41	0.860721	0.264437	0.0521154	0.0293125
000000000113.jpg	43	class_43	0.666815	0.635563	0.113486	0.136
000000000113.jpg	55	class_55	0.655144	0.779773	0.625769	0.233703
000000000113.jpg	0	person	0.910325	0.413461	0.179351	0.512891
000000000113.jpg	60	class_60	0.523293	0.806984	0.953413	0.386031
000000000113.jpg	0	person	0.591178	0.371906	0.470192	0.6045
000000000113.jpg	41	class_41	0.709892	0.169898	0.0613221	0.0418281
000000000113.jpg	41	class_41	0.861106	0.123367	0.0563462	0.0344531
000000000113.jpg	41	class_41	0.854519	0.172797	0.0579327	0.0390625
000000000113.jpg	41	class_41	0.934447	0.169328	0.0424038	0.0364063
000000000113.jpg	41	class_41	0.494615	0.236281	0.0482212	0.0338125
000000000113.jpg	41	class_41	0.451791	0.233664	0.0566587	0.0387656
000000000113.jpg	41	class_41	0.443882	0.187086	0.0471394	0.0400469
000000000113.jpg	41	class_41	0.360457	0.233461	0.0450962	0.0347969
000000000127.jpg	58	class_58	0.384211	0.176424	0.101078	0.146778
000000000127.jpg	60	class_60	0.58357	0.652942	0.831141	0.694116
000000000127.jpg	41	class_41	0.741516	0.589574	0.289375	0.259356
000000000127.jpg	43	class_43	0.551609	0.760468	0.162844	0.330374
000000000127.jpg	44	class_44	0.608008	0.659958	0.132672	0.171143
000000000127.jpg	55	class_55	0.37832	0.694688	0.196797	0.293451
000000000127.jpg	73	class_73	0.502742	0.49973	0.201672	0.192349
000000000127.jpg	13	class_13	0.0502734	0.394875	0.100547	0.170374
000000000127.jpg	13	class_13	0.281094	0.19657	0.0687187	0.0341788
000000000127.jpg	25	class_25	0.541289	0.108805	0.163828	0.217609
000000000127.jpg	25	class_25	0.230813	0.0645634	0.051125	0.115863
000000000127.jpg	26	class_26	0.542062	0.426798	0.734312	0.339501
000000000127.jpg	0	person	0.711789	0.0551871	0.0355469	0.0743243
000000000127.jpg	13	class_13	0.216469	0.257308	0.101562	0.102807
000000000127.jpg	13	class_13	0.348836	0.344044	0.0824219	0.0754054
000000000127.jpg	60	class_60	0.582313	0.222152	0.334781	0.0486694
000000000127.jpg	25	class_25	0.185305	0.0493971	0.0445156	0.0925988
000000000133.jpg	59	class_59	0.51093	0.442073	0.978141	0.872188
000000000133.jpg	77	class_77	0.858305	0.0735208	0.0749219	0.0598333
000000000136.jpg	0	person	0.05522	0.65123	0.10708	0.689037
000000000136.jpg	0	person	0.06892	0.582019	0.13784	0.835963
000000000136.jpg	23	class_23	0.34974	0.648984	0.37148	0.675615
000000000136.jpg	23	class_23	0.76148	0.572072	0.25608	0.439171
000000000138.jpg	72	class_72	0.122172	0.393944	0.192281	0.429529
000000000138.jpg	74	class_74	0.546672	0.0939791	0.107031	0.119546
000000000138.jpg	45	class_45	0.281648	0.338351	0.0712344	0.0340838
000000000138.jpg	69	class_69	0.499961	0.617976	0.187109	0.624712
000000000138.jpg	71	class_71	0.877086	0.401291	0.201766	0.0934031
000000000138.jpg	58	class_58	0.910391	0.130305	0.06875	0.1026
000000000138.jpg	75	class_75	0.3675	0.13712	0.0525625	0.0823037
000000000142.jpg	39	class_39	0.701552	0.337305	0.333479	0.396672
000000000142.jpg	60	class_60	0.5	0.530422	1.0	0.353469
000000000142.jpg	46	class_46	0.505229	0.73543	0.568	0.300453
000000000142.jpg	48	class_48	0.534083	0.794016	0.757417	0.411969
000000000143.jpg	14	class_14	0.820783	0.56129	0.218633	0.3527
000000000143.jpg	14	class_14	0.293458	0.37634	0.159617	0.33484
000000000143.jpg	14	class_14	0.525983	0.41653	0.166667	0.32554
000000000143.jpg	14	class_14	0.486708	0.66271	0.16165	0.24138
000000000143.jpg	14	class_14	0.267033	0.79969	0.1538	0.3225
000000000143.jpg	14	class_14	0.139517	0.17415	0.159167	0.26742
000000000143.jpg	14	class_14	0.2955	0.60918	0.1904	0.26864
000000000143.jpg	14	class_14	0.859717	0.79617	0.157067	0.30918
000000000144.jpg	23	class_23	0.650563	0.626781	0.573031	0.746438
000000000144.jpg	23	class_23	0.536969	0.637385	0.469781	0.725229
000000000144.jpg	23	class_23	0.38343	0.583146	0.615172	0.833708
000000000149.jpg	0	person	0.613805	0.7741	0.0150156	0.0311449
000000000149.jpg	0	person	0.535719	0.755491	0.01075	0.0305607
000000000149.jpg	0	person	0.525578	0.753984	0.00984375	0.0325935
000000000149.jpg	0	person	0.639203	0.776121	0.0229687	0.0302804
000000000149.jpg	33	class_33	0.692844	0.46715	0.0286875	0.0350467
000000000149.jpg	33	class_33	0.446031	0.596834	0.0151562	0.0148832
000000000149.jpg	33	class_33	0.689094	0.207897	0.0162188	0.0292056
000000000149.jpg	33	class_33	0.475727	0.499147	0.0350781	0.0250234
000000000149.jpg	0	person	0.879875	0.763516	0.0110937	0.0432477
000000000149.jpg	0	person	0.845305	0.755491	0.00795313	0.0343925
000000000149.jpg	2	car	0.442828	0.734521	0.0151562	0.0124533
000000000149.jpg	2	car	0.494555	0.745853	0.0163906	0.0110514
000000000149.jpg	2	car	0.467687	0.744346	0.0134375	0.0096729
000000000149.jpg	2	car	0.415742	0.759311	0.0303906	0.0168458
000000000149.jpg	33	class_33	0.130477	0.81125	0.0651094	0.031285
000000000149.jpg	33	class_33	0.630531	0.660187	0.0588437	0.0371963
000000000149.jpg	0	person	0.434891	0.778084	0.0125312	0.0299533
000000000149.jpg	0	person	0.85457	0.76118	0.00695313	0.0380607
000000000149.jpg	0	person	0.919844	0.762196	0.0070625	0.0230841
000000000149.jpg	0	person	0.394578	0.765829	0.0083125	0.0538084
000000000149.jpg	0	person	0.37107	0.765047	0.0122344	0.056729
000000000149.jpg	0	person	0.349812	0.764147	0.0119375	0.0635748
000000000151.jpg	0	person	0.937271	0.137734	0.0636667	0.08325
000000000151.jpg	6	class_6	0.719542	0.503594	0.560917	0.992812
000000000151.jpg	11	class_11	0.482646	0.541977	0.0794167	0.0552969
000000000154.jpg	22	class_22	0.436815	0.746555	0.817518	0.506891
000000000154.jpg	22	class_22	0.415152	0.410258	0.640796	0.217453
000000000154.jpg	22	class_22	0.676944	0.196086	0.232295	0.0995781
000000000164.jpg	39	class_39	0.615391	0.411156	0.0125312	0.0559792
000000000164.jpg	39	class_39	0.590367	0.416885	0.0107344	0.0436042
000000000164.jpg	39	class_39	0.58018	0.413521	0.0110156	0.057375
000000000164.jpg	39	class_39	0.60432	0.416	0.0112656	0.0505
000000000164.jpg	39	class_39	0.692109	0.61676	0.028625	0.0653542
000000000164.jpg	72	class_72	0.745406	0.500187	0.151125	0.287583
000000000164.jpg	39	class_39	0.731344	0.62699	0.0155	0.0761458
000000000164.jpg	39	class_39	0.632141	0.354646	0.0146875	0.035625
000000000164.jpg	39	class_39	0.591961	0.298708	0.0163906	0.0315833
000000000164.jpg	39	class_39	0.639766	0.292698	0.0152812	0.0328125
000000000164.jpg	39	class_39	0.65693	0.290938	0.0166406	0.035125
000000000164.jpg	56	class_56	0.36675	0.926208	0.2365	0.147583
000000000164.jpg	40	class_40	0.250586	0.425167	0.0200469	0.058875
000000000164.jpg	40	class_40	0.232906	0.435479	0.0251563	0.076125
000000000164.jpg	40	class_40	0.180586	0.443792	0.0223594	0.0695833
000000000164.jpg	40	class_40	0.106906	0.447781	0.0307187	0.0783958
000000000164.jpg	40	class_40	0.139813	0.448458	0.024125	0.0825
000000000164.jpg	40	class_40	0.15907	0.447073	0.0184844	0.0769375
000000000164.jpg	41	class_41	0.25	0.508854	0.0418437	0.0433333
000000000164.jpg	41	class_41	0.197148	0.513687	0.0362969	0.0406667
000000000164.jpg	41	class_41	0.291938	0.50151	0.0314688	0.0336042
000000000164.jpg	41	class_41	0.322883	0.49299	0.0312344	0.0323125
000000000164.jpg	45	class_45	0.834883	0.472427	0.0877344	0.0219375
000000000164.jpg	68	class_68	0.631812	0.505479	0.08325	0.06325
000000000164.jpg	69	class_69	0.465656	0.584354	0.0731563	0.0712917
000000000164.jpg	40	class_40	0.127484	0.447563	0.0169375	0.0826667
000000000164.jpg	40	class_40	0.198609	0.437896	0.0247812	0.079
000000000164.jpg	40	class_40	0.21668	0.438781	0.0167969	0.0736875
000000000164.jpg	41	class_41	0.266141	0.504708	0.0339375	0.04425
000000000164.jpg	41	class_41	0.813328	0.301812	0.0240625	0.0445417
000000000164.jpg	41	class_41	0.844102	0.305635	0.0237344	0.0285625
000000000164.jpg	41	class_41	0.795687	0.314125	0.00978125	0.0170833
000000000164.jpg	41	class_41	0.279133	0.44301	0.0277344	0.0392708
000000000164.jpg	41	class_41	0.220984	0.507156	0.0239375	0.0421042
000000000164.jpg	45	class_45	0.813344	0.445646	0.0455938	0.00975
000000000164.jpg	45	class_45	0.833727	0.461135	0.0888906	0.00877083
000000000164.jpg	45	class_45	0.836367	0.454271	0.0812969	0.0109167
000000000164.jpg	45	class_45	0.835375	0.449427	0.0869062	0.0126458
000000000164.jpg	45	class_45	0.577438	0.366531	0.020875	0.0188542
000000000164.jpg	60	class_60	0.689609	0.972083	0.214281	0.0311667
000000000165.jpg	27	class_27	0.321953	0.526194	0.141688	0.405187
000000000165.jpg	0	person	0.687836	0.600877	0.598703	0.798246
000000000165.jpg	0	person	0.286062	0.515728	0.553312	0.941567
000000000165.jpg	76	class_76	0.341414	0.502248	0.467797	0.533787
000000000192.jpg	0	person	0.648875	0.757302	0.205625	0.458437
000000000192.jpg	0	person	0.744398	0.713219	0.122516	0.516729
000000000192.jpg	0	person	0.0299922	0.785385	0.0570781	0.428146
000000000192.jpg	0	person	0.505914	0.619375	0.173984	0.491
000000000192.jpg	34	class_34	0.04875	0.891417	0.05625	0.193708
000000000194.jpg	43	class_43	0.868227	0.932448	0.158453	0.135104
000000000194.jpg	53	class_53	0.500844	0.535958	0.998312	0.901125
000000000196.jpg	44	class_44	0.554898	0.468469	0.329391	0.101354
000000000196.jpg	51	class_51	0.718219	0.802031	0.0359063	0.0885625
000000000196.jpg	51	class_51	0.630547	0.836625	0.0384688	0.112125
000000000196.jpg	51	class_51	0.696375	0.809823	0.0106563	0.0542292
000000000196.jpg	51	class_51	0.688344	0.874729	0.0874687	0.0640417
000000000196.jpg	44	class_44	0.891422	0.648594	0.115187	0.254896
000000000196.jpg	44	class_44	0.885594	0.490448	0.153031	0.0897708
000000000196.jpg	44	class_44	0.416	0.134375	0.111625	0.0905
000000000196.jpg	44	class_44	0.909359	0.608073	0.112	0.167937
000000000196.jpg	44	class_44	0.820719	0.90601	0.189906	0.183646
000000000196.jpg	45	class_45	0.531563	0.186646	0.200906	0.13075
000000000196.jpg	45	class_45	0.775672	0.610417	0.226375	0.236917
000000000196.jpg	45	class_45	0.901391	0.805719	0.197219	0.297354
000000000196.jpg	45	class_45	0.499047	0.502073	0.264688	0.179646
000000000196.jpg	45	class_45	0.693187	0.847594	0.251938	0.289937
000000000196.jpg	45	class_45	0.62275	0.399625	0.207313	0.143833
000000000196.jpg	45	class_45	0.652055	0.308385	0.236328	0.134521
000000000196.jpg	45	class_45	0.365664	0.186219	0.138109	0.0688958
000000000196.jpg	45	class_45	0.637227	0.16401	0.145297	0.130979
000000000196.jpg	50	class_50	0.325914	0.562802	0.0285156	0.0658125
000000000196.jpg	50	class_50	0.467734	0.85	0.058875	0.0602083
000000000196.jpg	50	class_50	0.283016	0.592469	0.0336562	0.0606042
000000000196.jpg	51	class_51	0.743414	0.869427	0.0412031	0.0660208
000000000196.jpg	51	class_51	0.659156	0.903385	0.0213125	0.0661458
000000000196.jpg	60	class_60	0.5	0.543688	1.0	0.912625
000000000196.jpg	42	class_42	0.395453	0.918188	0.132469	0.137667
000000000196.jpg	44	class_44	0.749438	0.282969	0.068875	0.0604375
000000000196.jpg	45	class_45	0.255195	0.225646	0.150203	0.0819583
000000000196.jpg	45	class_45	0.144422	0.291271	0.183094	0.125417
000000000196.jpg	45	class_45	0.0557422	0.380312	0.111484	0.153167
000000000196.jpg	50	class_50	0.211406	0.736573	0.0625	0.0530208
000000000196.jpg	51	class_51	0.621133	0.892375	0.0569219	0.0625
000000000196.jpg	51	class_51	0.911609	0.801094	0.0190312	0.0313125
000000000196.jpg	51	class_51	0.607164	0.838719	0.0490156	0.0567708
000000000196.jpg	51	class_51	0.296297	0.792573	0.06525	0.0870208
000000000196.jpg	51	class_51	0.675023	0.80176	0.0349844	0.0466458
000000000196.jpg	51	class_51	0.694406	0.941417	0.03225	0.0220833
000000000196.jpg	44	class_44	0.838328	0.280281	0.0306875	0.0193542
000000000196.jpg	50	class_50	0.410172	0.699927	0.0381563	0.0427708
000000000196.jpg	50	class_50	0.465234	0.639437	0.027375	0.069375
000000000196.jpg	50	class_50	0.248742	0.561771	0.0256719	0.029
000000000196.jpg	45	class_45	0.134875	0.489365	0.26975	0.191688
000000000201.jpg	31	class_31	0.642445	0.497757	0.241953	0.847196
000000000201.jpg	31	class_31	0.558789	0.463306	0.228891	0.845631
000000000201.jpg	31	class_31	0.490047	0.457991	0.148594	0.687944
000000000201.jpg	31	class_31	0.446477	0.466554	0.134797	0.684556
000000000201.jpg	31	class_31	0.39518	0.444825	0.129297	0.670257
000000000201.jpg	0	person	0.971078	0.47597	0.0195	0.038715
000000000201.jpg	0	person	0.924641	0.475257	0.0183437	0.0418692
000000000201.jpg	31	class_31	0.493016	0.492839	0.147281	0.689743
000000000208.jpg	71	class_71	0.500844	0.60899	0.998312	0.764062
000000000208.jpg	71	class_71	0.23793	0.427583	0.475859	0.228667
000000000208.jpg	79	class_79	0.396391	0.447198	0.299625	0.185188
000000000208.jpg	79	class_79	0.213313	0.34026	0.247406	0.171438
000000000241.jpg	39	class_39	0.106344	0.932656	0.0622708	0.134688
000000000241.jpg	57	class_57	0.825125	0.623328	0.348333	0.462531
000000000241.jpg	57	class_57	0.149771	0.638133	0.298167	0.406922
000000000241.jpg	0	person	0.48524	0.499461	0.417563	0.978391
000000000241.jpg	0	person	0.217229	0.683711	0.428458	0.543828
000000000241.jpg	0	person	0.727677	0.61193	0.223229	0.401797
000000000241.jpg	41	class_41	0.268917	0.96507	0.105667	0.0698594
000000000241.jpg	41	class_41	0.0453125	0.966008	0.0902917	0.0679844
000000000241.jpg	65	class_65	0.289917	0.519969	0.0919167	0.034625
000000000241.jpg	26	class_26	0.784573	0.791211	0.136063	0.114797
000000000241.jpg	0	person	0.0470312	0.741297	0.0940625	0.317781
000000000241.jpg	0	person	0.91199	0.707867	0.176021	0.359547
000000000241.jpg	58	class_58	0.303687	0.268297	0.228833	0.314375
000000000241.jpg	58	class_58	0.331958	0.603742	0.103708	0.112922
000000000247.jpg	2	car	0.153867	0.480637	0.133922	0.0838679
000000000247.jpg	2	car	0.830969	0.44546	0.0546875	0.0429481
000000000247.jpg	2	car	0.771828	0.441403	0.0483125	0.0535613
000000000247.jpg	4	class_4	0.502234	0.494375	0.995531	0.986486
000000000247.jpg	2	car	0.856453	0.413667	0.0126875	0.0145519
000000000247.jpg	2	car	0.839664	0.412288	0.0116406	0.015566
000000000247.jpg	4	class_4	0.828281	0.267818	0.343438	0.132288
000000000247.jpg	2	car	0.799281	0.409741	0.0243438	0.0181604
000000000257.jpg	9	class_9	0.157914	0.445062	0.0367656	0.0682917
000000000257.jpg	9	class_9	0.0981484	0.439604	0.0392031	0.0495
000000000257.jpg	24	class_24	0.314625	0.812406	0.07875	0.115604
000000000257.jpg	7	truck	0.549438	0.707177	0.320219	0.256188
000000000257.jpg	7	truck	0.896609	0.700875	0.204312	0.133083
000000000257.jpg	0	person	0.273953	0.859979	0.11175	0.280042
000000000257.jpg	0	person	0.392078	0.763167	0.0443438	0.166083
000000000257.jpg	0	person	0.348062	0.755698	0.0348125	0.126021
000000000257.jpg	0	person	0.42543	0.764771	0.0255781	0.151833
000000000257.jpg	0	person	0.475633	0.782583	0.0517969	0.160417
000000000257.jpg	0	person	0.90368	0.726896	0.0230469	0.088
000000000257.jpg	0	person	0.203523	0.716594	0.0158281	0.0771458
000000000257.jpg	0	person	0.510633	0.774021	0.0315156	0.155833
000000000257.jpg	0	person	0.137188	0.730198	0.0317188	0.100354
000000000257.jpg	0	person	0.227945	0.718365	0.0242969	0.0801042
000000000257.jpg	0	person	0.363711	0.754375	0.0237656	0.144875
000000000257.jpg	9	class_9	0.364094	0.629573	0.0176563	0.0237292
000000000257.jpg	9	class_9	0.0475391	0.638865	0.00889063	0.0148125
000000000257.jpg	9	class_9	0.04975	0.5885	0.00909375	0.0245
000000000257.jpg	24	class_24	0.334562	0.730542	0.0176563	0.0407917
000000000257.jpg	26	class_26	0.489055	0.764677	0.0195469	0.0286875
000000000257.jpg	0	person	0.314289	0.730177	0.0322344	0.0828542
000000000257.jpg	7	truck	0.906219	0.837302	0.187563	0.325396
000000000257.jpg	7	truck	0.196648	0.689646	0.220672	0.124667
000000000257.jpg	7	truck	0.759375	0.682094	0.0387188	0.0290625
000000000257.jpg	9	class_9	0.152258	0.386031	0.0234844	0.0305208
000000000257.jpg	26	class_26	0.150109	0.730167	0.0091875	0.026
000000000257.jpg	0	person	0.850312	0.726604	0.022	0.0829583
000000000257.jpg	9	class_9	0.477383	0.558146	0.0110781	0.0295417
000000000257.jpg	9	class_9	0.466867	0.557292	0.00998438	0.0254167
000000000257.jpg	9	class_9	0.090375	0.62775	0.007625	0.00895833
000000000257.jpg	26	class_26	0.33518	0.741677	0.0175156	0.0605208
000000000257.jpg	26	class_26	0.743234	0.714958	0.00959375	0.00958333
000000000260.jpg	5	bus	0.07066	0.518619	0.13228	0.474054
000000000260.jpg	0	person	0.57375	0.674565	0.1035	0.509009
000000000260.jpg	0	person	0.05825	0.468724	0.04734	0.0836336
000000000260.jpg	2	car	0.51001	0.549895	0.0663	0.0472372
000000000260.jpg	28	class_28	0.70801	0.78985	0.0869	0.185345
000000000260.jpg	28	class_28	0.77623	0.774324	0.0567	0.209369
000000000260.jpg	28	class_28	0.73022	0.677327	0.12156	0.12
000000000263.jpg	20	class_20	0.632327	0.626688	0.735347	0.724219
000000000263.jpg	20	class_20	0.330499	0.483117	0.655381	0.924672
000000000283.jpg	39	class_39	0.243879	0.310086	0.192523	0.487109
000000000283.jpg	56	class_56	0.0701168	0.290289	0.139159	0.134922
000000000283.jpg	56	class_56	0.673657	0.330523	0.652687	0.451609
000000000283.jpg	60	class_60	0.496098	0.657641	0.992196	0.656469
000000000283.jpg	40	class_40	0.488061	0.411484	0.206215	0.334719
000000000294.jpg	0	person	0.328367	0.581768	0.570172	0.836464
000000000294.jpg	44	class_44	0.661289	0.846897	0.0239219	0.0551522
000000000294.jpg	68	class_68	0.895828	0.860667	0.205406	0.256183
000000000294.jpg	42	class_42	0.956789	0.637482	0.0119844	0.0954333
000000000294.jpg	43	class_43	0.709992	0.811206	0.0270781	0.0811944
000000000294.jpg	43	class_43	0.722367	0.803923	0.0248281	0.105785
000000000294.jpg	44	class_44	0.645375	0.786768	0.0360938	0.0592974
000000000294.jpg	44	class_44	0.627625	0.847494	0.0555937	0.0937705
000000000294.jpg	44	class_44	0.639727	0.395785	0.0226094	0.268525
000000000294.jpg	44	class_44	0.668227	0.388841	0.0209844	0.24185
000000000294.jpg	44	class_44	0.528242	0.679028	0.0283906	0.156745
000000000294.jpg	43	class_43	0.733969	0.824731	0.0254375	0.0779391
000000000294.jpg	43	class_43	0.739711	0.799742	0.0215469	0.0761124
000000000294.jpg	43	class_43	0.745219	0.824297	0.0239375	0.0777283
000000000294.jpg	74	class_74	0.0422031	0.063185	0.0839375	0.12637
000000000294.jpg	44	class_44	0.656383	0.885656	0.0502969	0.0494379
000000000294.jpg	44	class_44	0.626297	0.738958	0.0258437	0.0757611
000000000294.jpg	44	class_44	0.618633	0.933571	0.0230156	0.0537939
000000000294.jpg	44	class_44	0.644	0.861382	0.03375	0.0588759
000000000294.jpg	44	class_44	0.977539	0.144672	0.00748437	0.0528571
000000000307.jpg	16	class_16	0.768938	0.586875	0.268187	0.3495
000000000307.jpg	2	car	0.637672	0.120135	0.0753438	0.0345208
000000000307.jpg	29	class_29	0.604211	0.875281	0.109547	0.222479
000000000308.jpg	0	person	0.314906	0.531385	0.208937	0.928263
000000000308.jpg	0	person	0.144594	0.555528	0.289188	0.888944
000000000308.jpg	0	person	0.198789	0.348087	0.254641	0.624155
000000000308.jpg	0	person	0.20068	0.287934	0.0539219	0.206103
000000000308.jpg	0	person	0.732797	0.519847	0.274688	0.929507
000000000308.jpg	40	class_40	0.588633	0.595822	0.0382031	0.140329
000000000308.jpg	40	class_40	0.267453	0.482876	0.0775937	0.233122
000000000308.jpg	40	class_40	0.387227	0.419648	0.0388281	0.137512
000000000308.jpg	0	person	0.0934844	0.771901	0.186969	0.433709
000000000308.jpg	40	class_40	0.0528203	0.549413	0.105547	0.298545
000000000308.jpg	0	person	0.579289	0.378498	0.0779531	0.413803
000000000308.jpg	74	class_74	0.691852	0.573744	0.0204531	0.0307277
000000000308.jpg	25	class_25	0.50007	0.235728	0.136891	0.175023
000000000309.jpg	77	class_77	0.367442	0.532933	0.224283	0.355033
000000000309.jpg	77	class_77	0.553933	0.475283	0.1955	0.235967
000000000309.jpg	16	class_16	0.777608	0.222125	0.154717	0.206083
000000000309.jpg	77	class_77	0.223017	0.607233	0.202367	0.430033
000000000312.jpg	20	class_20	0.181414	0.676405	0.353828	0.48541
000000000312.jpg	20	class_20	0.516023	0.666159	0.326328	0.423747
000000000312.jpg	20	class_20	0.56668	0.784906	0.126422	0.190094
000000000312.jpg	20	class_20	0.883914	0.646311	0.232172	0.467002
000000000312.jpg	20	class_20	0.768664	0.706171	0.0687656	0.33192
000000000312.jpg	20	class_20	0.770625	0.727787	0.230813	0.287237
000000000315.jpg	25	class_25	0.186758	0.378372	0.331422	0.310749
000000000315.jpg	25	class_25	0.341836	0.377963	0.239891	0.208993
000000000315.jpg	25	class_25	0.417359	0.344977	0.200625	0.166534
000000000315.jpg	25	class_25	0.491461	0.356194	0.105953	0.0974005
000000000315.jpg	25	class_25	0.508773	0.292518	0.139297	0.0481733
000000000315.jpg	25	class_25	0.625211	0.343747	0.0777344	0.0578923
000000000315.jpg	25	class_25	0.692219	0.205328	0.0597188	0.210468
000000000315.jpg	25	class_25	0.124633	0.531745	0.249266	0.610749
000000000315.jpg	25	class_25	0.0614688	0.450562	0.122938	0.258407
000000000315.jpg	25	class_25	0.300609	0.395515	0.193406	0.242693
000000000315.jpg	25	class_25	0.424828	0.384192	0.139469	0.158642
000000000315.jpg	0	person	0.577516	0.551721	0.096625	0.451124
000000000315.jpg	0	person	0.809414	0.564438	0.0767031	0.432576
000000000315.jpg	0	person	0.261148	0.716956	0.133266	0.405386
000000000315.jpg	0	person	0.867797	0.503489	0.072375	0.131335
000000000315.jpg	0	person	0.866078	0.424204	0.0378437	0.0997892
000000000315.jpg	0	person	0.938289	0.512904	0.0784219	0.111241
000000000315.jpg	0	person	0.865492	0.367553	0.0217031	0.0799297
000000000315.jpg	25	class_25	0.574656	0.352775	0.13125	0.0933724
000000000315.jpg	26	class_26	0.192102	0.948665	0.0933906	0.0778454
000000000315.jpg	56	class_56	0.545742	0.797752	0.455797	0.305621
000000000315.jpg	0	person	0.377937	0.544368	0.0800312	0.054637
000000000315.jpg	0	person	0.490539	0.465328	0.0412969	0.0779625
000000000315.jpg	0	person	0.922148	0.379965	0.00904687	0.0303279
000000000315.jpg	0	person	0.380133	0.932213	0.185922	0.135574
000000000315.jpg	0	person	0.520289	0.446979	0.0236719	0.0853864
000000000315.jpg	56	class_56	0.39143	0.63767	0.132609	0.108689
000000000315.jpg	56	class_56	0.13493	0.711862	0.217891	0.256042
000000000315.jpg	56	class_56	0.0840469	0.96363	0.157688	0.0467447
000000000315.jpg	56	class_56	0.403836	0.656464	0.113922	0.0698829
000000000315.jpg	56	class_56	0.0494844	0.855738	0.0989688	0.197658
000000000315.jpg	56	class_56	0.39432	0.596745	0.0942344	0.0457611
000000000315.jpg	56	class_56	0.424039	0.703337	0.119797	0.0448946
000000000315.jpg	56	class_56	0.379156	0.553513	0.0987813	0.0587822
000000000315.jpg	0	person	0.979359	0.411124	0.01175	0.0608899
000000000315.jpg	25	class_25	0.777305	0.286768	0.104047	0.0758314
000000000315.jpg	26	class_26	0.192758	0.853525	0.0646719	0.0275644
000000000315.jpg	26	class_26	0.231523	0.838747	0.0995781	0.145597
000000000321.jpg	52	class_52	0.762352	0.666667	0.388234	0.501167
000000000321.jpg	52	class_52	0.762352	0.382354	0.367047	0.505875
000000000321.jpg	48	class_48	0.291234	0.485719	0.337	0.789604
000000000322.jpg	0	person	0.273141	0.516372	0.322344	0.573368
000000000322.jpg	29	class_29	0.474578	0.441486	0.0675625	0.0265073
000000000326.jpg	0	person	0.523289	0.605539	0.569797	0.786347
000000000326.jpg	40	class_40	0.554906	0.390925	0.385781	0.618525
000000000328.jpg	67	class_67	0.706648	0.595662	0.0547031	0.0379633
000000000328.jpg	0	person	0.244859	0.502128	0.349688	0.726904
000000000328.jpg	0	person	0.469492	0.580835	0.320516	0.792953
000000000328.jpg	0	person	0.721602	0.552953	0.390484	0.867699
000000000328.jpg	13	class_13	0.460055	0.594969	0.918234	0.763218
000000000328.jpg	73	class_73	0.451359	0.488106	0.135063	0.0762118
000000000328.jpg	2	car	0.626516	0.224267	0.157844	0.133625
000000000328.jpg	27	class_27	0.736273	0.406202	0.0286094	0.0892261
000000000328.jpg	27	class_27	0.510344	0.408758	0.0351562	0.118086
000000000328.jpg	24	class_24	0.112117	0.430092	0.186641	0.162179
000000000328.jpg	24	class_24	0.143891	0.376314	0.13325	0.0974338
000000000332.jpg	41	class_41	0.273875	0.0749375	0.271344	0.149875
000000000332.jpg	41	class_41	0.958891	0.155625	0.0822187	0.31125
000000000332.jpg	45	class_45	0.502531	0.533708	0.994938	0.910125
000000000332.jpg	51	class_51	0.505586	0.42824	0.485297	0.522354
000000000332.jpg	41	class_41	0.709187	0.0549896	0.188344	0.109813
000000000332.jpg	42	class_42	0.0194844	0.829865	0.0389688	0.303896
000000000332.jpg	51	class_51	0.177828	0.667969	0.168813	0.240312
000000000338.jpg	72	class_72	0.414813	0.72896	0.149656	0.54208
000000000338.jpg	74	class_74	0.734047	0.308853	0.0363125	0.0752599
000000000338.jpg	0	person	0.581609	0.715352	0.141344	0.561774
000000000338.jpg	0	person	0.730945	0.765627	0.0889219	0.468746
000000000338.jpg	69	class_69	0.146391	0.866284	0.217	0.240459
000000000338.jpg	26	class_26	0.746844	0.768563	0.0400937	0.120306
000000000349.jpg	6	class_6	0.421352	0.540448	0.842703	0.537062
000000000349.jpg	58	class_58	0.6685	0.665531	0.09825	0.163271
000000000349.jpg	58	class_58	0.750336	0.629198	0.0790469	0.130479
000000000349.jpg	58	class_58	0.80107	0.635146	0.0448594	0.0831667
000000000357.jpg	34	class_34	0.845453	0.619358	0.00625	0.124954
000000000357.jpg	35	class_35	0.892836	0.870573	0.0139219	0.0306881
000000000357.jpg	35	class_35	0.125352	0.466812	0.0108906	0.0422477
000000000357.jpg	35	class_35	0.440953	0.125642	0.00853125	0.0216514
000000000357.jpg	0	person	0.595023	0.178188	0.0269531	0.126743
000000000357.jpg	0	person	0.444703	0.169633	0.0422187	0.170459
000000000357.jpg	0	person	0.344438	0.174839	0.0346875	0.142248
000000000357.jpg	0	person	0.13107	0.473211	0.0289531	0.22055
000000000357.jpg	0	person	0.852109	0.750023	0.045375	0.250413
000000000357.jpg	0	person	0.907797	0.821261	0.0418125	0.17445
000000000357.jpg	0	person	0.946813	0.81656	0.0424687	0.213761
000000000357.jpg	0	person	0.879648	0.132087	0.0217031	0.0443578
000000000357.jpg	0	person	0.859398	0.156514	0.0150781	0.12
000000000357.jpg	0	person	0.939578	0.0609404	0.014	0.0465596
000000000357.jpg	0	person	0.428398	0.0922018	0.0276406	0.125413
000000000357.jpg	0	person	0.897008	0.188716	0.0185469	0.108899
000000000357.jpg	0	person	0.913047	0.202523	0.0105	0.109725
000000000359.jpg	9	class_9	0.37311	0.354111	0.13074	0.103163
000000000359.jpg	9	class_9	0.53852	0.334759	0.102	0.0674699
000000000359.jpg	9	class_9	0.56142	0.890166	0.00892	0.0123795
000000000359.jpg	2	car	0.12372	0.930422	0.24744	0.113193
000000000360.jpg	0	person	0.57414	0.419293	0.1042	0.0985333
000000000360.jpg	0	person	0.22258	0.757587	0.0532	0.0570933
000000000360.jpg	31	class_31	0.53309	0.46868	0.10438	0.11064
000000000368.jpg	32	class_32	0.481063	0.411055	0.0988333	0.0776719
000000000368.jpg	0	person	0.583583	0.380906	0.478375	0.4255
000000000368.jpg	0	person	0.384729	0.212602	0.111958	0.171141
000000000368.jpg	0	person	0.193021	0.337789	0.118792	0.0556719
000000000368.jpg	0	person	0.323625	0.296398	0.082375	0.128828
000000000368.jpg	0	person	0.602583	0.176211	0.0772083	0.128203
000000000368.jpg	0	person	0.930615	0.293727	0.0918958	0.154234
000000000368.jpg	0	person	0.673833	0.376867	0.159542	0.372234
000000000368.jpg	0	person	0.794187	0.291156	0.0774583	0.15325
000000000368.jpg	0	person	0.19875	0.265281	0.0605	0.103531
000000000368.jpg	0	person	0.155104	0.265516	0.03925	0.099625
000000000368.jpg	0	person	0.466875	0.211078	0.0415	0.0463438
000000000368.jpg	0	person	0.0195417	0.287961	0.0390833	0.145234
000000000370.jpg	0	person	0.594594	0.519141	0.810813	0.961719
000000000370.jpg	50	class_50	0.752552	0.592227	0.494896	0.381172
000000000382.jpg	0	person	0.83507	0.841042	0.0835469	0.169333
000000000382.jpg	30	class_30	0.830586	0.927583	0.121453	0.0522083
000000000382.jpg	24	class_24	0.822352	0.785698	0.0268594	0.0480208
000000000384.jpg	57	class_57	0.204596	0.826305	0.409193	0.341047
000000000384.jpg	74	class_74	0.493274	0.452961	0.0633632	0.0438594
000000000384.jpg	73	class_73	0.394025	0.861227	0.0945067	0.0274531
000000000384.jpg	73	class_73	0.288105	0.857508	0.0919955	0.0376719
000000000384.jpg	64	class_64	0.23991	0.733586	0.0269955	0.0150469
000000000384.jpg	65	class_65	0.842276	0.782094	0.0476457	0.011125
000000000384.jpg	73	class_73	0.31065	0.832328	0.100942	0.0329688
000000000384.jpg	65	class_65	0.383374	0.834039	0.0699776	0.0103594
000000000384.jpg	65	class_65	0.343767	0.854695	0.0232735	0.00876563
000000000384.jpg	73	class_73	0.395762	0.809555	0.072287	0.0260156
000000000384.jpg	63	class_63	0.32046	0.747688	0.0876009	0.0301875
000000000387.jpg	63	class_63	0.682586	0.394385	0.586516	0.577521
000000000387.jpg	63	class_63	0.605953	0.430167	0.735719	0.650792
000000000387.jpg	67	class_67	0.683594	0.33074	0.328125	0.195312
000000000389.jpg	27	class_27	0.530258	0.81326	0.102234	0.373479
000000000389.jpg	0	person	0.110391	0.766292	0.220781	0.462917
000000000389.jpg	0	person	0.806555	0.804365	0.152672	0.391271
000000000389.jpg	0	person	0.214297	0.697792	0.143281	0.355458
000000000389.jpg	0	person	0.942922	0.693979	0.114156	0.260167
000000000389.jpg	0	person	0.0755859	0.405979	0.0219844	0.0923333
000000000389.jpg	0	person	0.30443	0.643573	0.0749844	0.0986458
000000000389.jpg	0	person	0.705258	0.586	0.0677031	0.100375
000000000389.jpg	0	person	0.641781	0.532667	0.050875	0.0555833
000000000389.jpg	0	person	0.93925	0.887135	0.120687	0.225062
000000000389.jpg	24	class_24	0.663227	0.777552	0.120516	0.444896
000000000389.jpg	0	person	0.507852	0.580937	0.575109	0.811667
000000000389.jpg	0	person	0.815102	0.572406	0.0131406	0.0200625
000000000389.jpg	0	person	0.865328	0.7145	0.115312	0.304125
000000000394.jpg	16	class_16	0.488914	0.494869	0.977828	0.936809
000000000394.jpg	29	class_29	0.645445	0.542463	0.555422	0.477889
000000000395.jpg	67	class_67	0.470422	0.518578	0.031	0.0396034
000000000395.jpg	0	person	0.523391	0.613483	0.676125	0.750552
000000000395.jpg	0	person	0.0631328	0.597897	0.126266	0.480897
000000000395.jpg	0	person	0.184836	0.643534	0.128984	0.352862
000000000395.jpg	0	person	0.902508	0.672655	0.194984	0.65469
000000000395.jpg	67	class_67	0.979633	0.537129	0.0247344	0.0199828
000000000395.jpg	0	person	0.200016	0.441362	0.0607188	0.0808621
000000000395.jpg	0	person	0.284094	0.507862	0.128312	0.188759
000000000395.jpg	0	person	0.670172	0.427164	0.0514687	0.182707
000000000395.jpg	0	person	0.7045	0.453991	0.0685937	0.195086
000000000395.jpg	0	person	0.296867	0.630474	0.0943594	0.115466
000000000395.jpg	0	person	0.123273	0.479983	0.0756094	0.218862
000000000395.jpg	0	person	0.755555	0.513638	0.110609	0.154586
000000000397.jpg	56	class_56	0.858875	0.102146	0.224187	0.204292
000000000397.jpg	53	class_53	0.499719	0.521344	0.985969	0.858438
000000000397.jpg	41	class_41	0.0287109	0.688562	0.0574219	0.14975
000000000397.jpg	41	class_41	0.867859	0.822083	0.235719	0.329875
000000000397.jpg	42	class_42	0.965031	0.897042	0.0699375	0.108542
000000000397.jpg	60	class_60	0.395461	0.863635	0.787016	0.272729
000000000397.jpg	0	person	0.182141	0.213885	0.352594	0.427771
000000000400.jpg	16	class_16	0.730893	0.294305	0.153009	0.123078
000000000400.jpg	8	class_8	0.501129	0.474156	0.997743	0.746063
000000000404.jpg	8	class_8	0.496162	0.629578	0.737535	0.135094
000000000404.jpg	8	class_8	0.684789	0.598344	0.467512	0.0718125
000000000404.jpg	8	class_8	0.776596	0.576383	0.368732	0.0462656
000000000404.jpg	8	class_8	0.718721	0.571922	0.201338	0.0254375
000000000404.jpg	8	class_8	0.669155	0.564172	0.0579812	0.0172187
000000000415.jpg	38	class_38	0.225947	0.658273	0.116908	0.0693906
000000000415.jpg	0	person	0.171253	0.637891	0.342507	0.471281
000000000419.jpg	0	person	0.230375	0.430385	0.070625	0.318396
000000000419.jpg	38	class_38	0.249766	0.264875	0.0595313	0.0342083
000000000419.jpg	32	class_32	0.199219	0.197885	0.0102188	0.0149792
000000000419.jpg	0	person	0.818789	0.660177	0.204703	0.366896
000000000419.jpg	2	car	0.689875	0.436823	0.0228125	0.0299375
000000000419.jpg	2	car	0.839852	0.43499	0.0255781	0.0228958
000000000419.jpg	2	car	0.541586	0.434542	0.0521094	0.0244167
000000000428.jpg	27	class_27	0.659195	0.771528	0.147891	0.429222
000000000428.jpg	0	person	0.632656	0.539681	0.556125	0.897972
000000000428.jpg	55	class_55	0.770273	0.820944	0.273641	0.337833
000000000431.jpg	32	class_32	0.570594	0.514087	0.0190312	0.0299229
000000000431.jpg	0	person	0.363117	0.497057	0.245766	0.649023
000000000431.jpg	38	class_38	0.527227	0.488419	0.126984	0.159614
000000000436.jpg	0	person	0.508443	0.493242	0.983115	0.977484
000000000436.jpg	54	class_54	0.635679	0.427477	0.242225	0.113328
000000000438.jpg	54	class_54	0.411156	0.675896	0.230375	0.2175
000000000438.jpg	54	class_54	0.153063	0.552448	0.188531	0.161396
000000000438.jpg	54	class_54	0.378656	0.554531	0.229594	0.225271
000000000438.jpg	54	class_54	0.388883	0.40674	0.218859	0.220563
000000000438.jpg	54	class_54	0.186703	0.432417	0.189188	0.196625
000000000438.jpg	54	class_54	0.177125	0.300896	0.19625	0.177
000000000438.jpg	54	class_54	0.844383	0.531458	0.188766	0.240458
000000000438.jpg	54	class_54	0.832984	0.318583	0.19075	0.21225
000000000438.jpg	54	class_54	0.17807	0.796469	0.241828	0.249396
000000000438.jpg	54	class_54	0.851273	0.797854	0.208109	0.300917
000000000438.jpg	54	class_54	0.634969	0.821396	0.266531	0.258292
000000000438.jpg	54	class_54	0.392531	0.850656	0.259094	0.189604
000000000438.jpg	54	class_54	0.550859	0.513729	0.132656	0.394375
000000000443.jpg	15	class_15	0.601289	0.507552	0.581891	0.793104
000000000443.jpg	0	person	0.589883	0.494385	0.812359	0.984271
000000000443.jpg	0	person	0.881742	0.320229	0.236516	0.631458
000000000443.jpg	65	class_65	0.891086	0.564917	0.217828	0.317875
000000000443.jpg	57	class_57	0.446102	0.493792	0.888828	0.979667
000000000443.jpg	0	person	0.115742	0.642802	0.224078	0.649396
000000000446.jpg	0	person	0.451896	0.597008	0.588333	0.805984
000000000446.jpg	65	class_65	0.743948	0.588086	0.0926875	0.0290469
000000000446.jpg	73	class_73	0.551552	0.683148	0.0211042	0.109703
000000000446.jpg	73	class_73	0.154083	0.278789	0.0150417	0.0245469
000000000446.jpg	73	class_73	0.0760208	0.27925	0.0192917	0.045125
000000000446.jpg	73	class_73	0.0649583	0.279477	0.0175	0.0457969
000000000446.jpg	73	class_73	0.107365	0.280766	0.0591875	0.0471875
000000000446.jpg	73	class_73	0.125104	0.190445	0.196375	0.0717969
000000000446.jpg	73	class_73	0.18649	0.121867	0.0287708	0.0450469
000000000446.jpg	57	class_57	0.0949896	0.879836	0.183063	0.209859
000000000446.jpg	58	class_58	0.925958	0.498328	0.121708	0.132469
000000000446.jpg	58	class_58	0.845135	0.422563	0.130229	0.154219
000000000446.jpg	58	class_58	0.944417	0.358805	0.111167	0.162297
000000000450.jpg	40	class_40	0.797922	0.0795937	0.153031	0.145729
000000000450.jpg	41	class_41	0.939078	0.20101	0.121844	0.402021
000000000450.jpg	53	class_53	0.442508	0.505812	0.885016	0.954375
000000000450.jpg	60	class_60	0.5	0.501125	1.0	0.99775
000000000459.jpg	27	class_27	0.374777	0.623273	0.119438	0.374703
000000000459.jpg	0	person	0.498915	0.560672	0.997829	0.856188
000000000471.jpg	5	bus	0.547992	0.511241	0.718172	0.496628
000000000471.jpg	0	person	0.342398	0.415995	0.0253281	0.10534
000000000472.jpg	4	class_4	0.685102	0.320398	0.136266	0.139204
000000000474.jpg	0	person	0.504429	0.51461	0.988619	0.85842
000000000474.jpg	35	class_35	0.162357	0.54031	0.265495	0.14262
000000000486.jpg	72	class_72	0.661219	0.540585	0.0985	0.257283
000000000486.jpg	69	class_69	0.806289	0.82192	0.387422	0.356159
000000000486.jpg	39	class_39	0.987359	0.590995	0.0250312	0.0893911
000000000486.jpg	43	class_43	0.354859	0.511148	0.0108125	0.121686
000000000486.jpg	39	class_39	0.797414	0.681768	0.0360156	0.059274
000000000486.jpg	39	class_39	0.133781	0.54733	0.008	0.068103
000000000486.jpg	43	class_43	0.370891	0.489778	0.00609375	0.0387119
000000000486.jpg	45	class_45	0.49707	0.805504	0.205297	0.206604
000000000488.jpg	32	class_32	0.680102	0.631552	0.0129531	0.01867
000000000488.jpg	0	person	0.36418	0.679347	0.163484	0.322734
000000000488.jpg	0	person	0.274594	0.74064	0.198437	0.272808
000000000488.jpg	34	class_34	0.385367	0.612722	0.0991406	0.113128
000000000488.jpg	35	class_35	0.361008	0.702106	0.0377344	0.050468
000000000488.jpg	35	class_35	0.887125	0.633781	0.0164063	0.0196798
000000000488.jpg	0	person	0.346883	0.574544	0.0397031	0.174261
000000000488.jpg	0	person	0.888102	0.593793	0.0689531	0.12133
000000000488.jpg	0	person	0.125453	0.7	0.142562	0.375271
000000000488.jpg	0	person	0.354016	0.457796	0.00690625	0.0197291
000000000490.jpg	16	class_16	0.182	0.534343	0.18	0.288889
000000000490.jpg	36	class_36	0.70079	0.530333	0.18242	0.507859
000000000491.jpg	77	class_77	0.53007	0.511406	0.52238	0.950799
000000000491.jpg	77	class_77	0.77515	0.250783	0.39914	0.496645
000000000491.jpg	77	class_77	0.09187	0.305192	0.18374	0.579201
000000000491.jpg	77	class_77	0.3722	0.194617	0.42652	0.383419
000000000502.jpg	21	class_21	0.568008	0.507892	0.426766	0.603607
000000000510.jpg	0	person	0.515203	0.582208	0.2365	0.621625
000000000510.jpg	13	class_13	0.508992	0.682021	0.886516	0.420208
000000000510.jpg	9	class_9	0.05225	0.0797812	0.0573125	0.119104
000000000514.jpg	59	class_59	0.551931	0.664195	0.896139	0.622484
000000000520.jpg	14	class_14	0.49382	0.314292	0.0500156	0.0422083
000000000520.jpg	14	class_14	0.386117	0.287854	0.0533906	0.0290833
000000000520.jpg	0	person	0.390039	0.677031	0.0237656	0.0713958
000000000520.jpg	14	class_14	0.716469	0.471865	0.029	0.0370625
000000000520.jpg	14	class_14	0.0183125	0.406875	0.0362813	0.03225
000000000520.jpg	14	class_14	0.711508	0.379385	0.0343281	0.0335208
000000000520.jpg	14	class_14	0.951742	0.383375	0.0307031	0.0217083
000000000520.jpg	14	class_14	0.180062	0.429021	0.0559687	0.0475833
000000000520.jpg	14	class_14	0.262891	0.396615	0.0398437	0.0247292
000000000520.jpg	0	person	0.721891	0.679969	0.0279063	0.0393125
000000000520.jpg	0	person	0.800156	0.688458	0.0126562	0.0285417
000000000529.jpg	3	motorcycle	0.46548	0.645531	0.848244	0.544594
000000000529.jpg	0	person	0.522658	0.440125	0.537119	0.641625
000000000529.jpg	0	person	0.378642	0.30618	0.637705	0.306422
000000000531.jpg	1	bicycle	0.0961484	0.577531	0.0396094	0.0350625
000000000531.jpg	0	person	0.441242	0.610219	0.0615781	0.185812
000000000531.jpg	1	bicycle	0.0487266	0.581052	0.0393594	0.0324375
000000000531.jpg	0	person	0.158914	0.60201	0.0588594	0.136771
000000000531.jpg	0	person	0.402781	0.554979	0.0191562	0.0547917
000000000531.jpg	32	class_32	0.4245	0.616625	0.00290625	0.00575
000000000531.jpg	0	person	0.34607	0.556073	0.0166094	0.0496042
000000000531.jpg	0	person	0.708234	0.550083	0.0200625	0.0737917
000000000531.jpg	0	person	0.797523	0.542563	0.0198594	0.0664583
000000000531.jpg	38	class_38	0.471602	0.638062	0.0230469	0.0662083
000000000531.jpg	0	person	0.618039	0.555833	0.0188906	0.0434583
000000000531.jpg	0	person	0.0276328	0.575719	0.0350781	0.0746042
000000000531.jpg	38	class_38	0.0979609	0.567479	0.106297	0.0743333
000000000531.jpg	38	class_38	0.398789	0.564906	0.00676562	0.0088125
000000000531.jpg	1	bicycle	0.990477	0.564375	0.0163906	0.0199167
000000000532.jpg	5	bus	0.495508	0.537823	0.721359	0.546063
000000000532.jpg	0	person	0.455234	0.651458	0.0695625	0.325542
000000000532.jpg	0	person	0.229922	0.646854	0.0713437	0.237542
000000000532.jpg	0	person	0.359898	0.462552	0.0281094	0.0383125
000000000532.jpg	0	person	0.250852	0.471458	0.0191719	0.0409583
000000000532.jpg	5	bus	0.0761484	0.538552	0.151234	0.395854
000000000532.jpg	26	class_26	0.25575	0.596667	0.0329688	0.0740417
000000000532.jpg	26	class_26	0.199906	0.686667	0.0235938	0.0528333
000000000536.jpg	56	class_56	0.818248	0.704598	0.348951	0.581935
000000000536.jpg	0	person	0.826853	0.693705	0.346295	0.590089
000000000536.jpg	0	person	0.499152	0.617054	0.242009	0.760774
000000000536.jpg	0	person	0.306741	0.59625	0.219107	0.784286
000000000536.jpg	26	class_26	0.0984933	0.883988	0.0983259	0.232024
000000000536.jpg	26	class_26	0.528594	0.647589	0.155089	0.188155
000000000536.jpg	26	class_26	0.818225	0.718661	0.101719	0.0366071
000000000536.jpg	67	class_67	0.476049	0.348571	0.0305357	0.0629167
000000000536.jpg	67	class_67	0.252422	0.319509	0.0645759	0.117113
000000000536.jpg	56	class_56	0.0935714	0.711176	0.184107	0.577649
000000000536.jpg	67	class_67	0.815558	0.687158	0.0179464	0.0371131
000000000540.jpg	2	car	0.276992	0.873094	0.0154844	0.0224706
000000000540.jpg	2	car	0.962328	0.741424	0.015	0.0256706
000000000540.jpg	2	car	0.265844	0.939612	0.0241875	0.0237882
000000000540.jpg	2	car	0.348719	0.787271	0.016125	0.0227294
000000000540.jpg	4	class_4	0.478937	0.538941	0.469187	0.194118
000000000540.jpg	7	truck	0.153891	0.876224	0.034125	0.0584706
000000000540.jpg	9	class_9	0.397773	0.347282	0.00282812	0.00454118
000000000540.jpg	2	car	0.122594	0.962353	0.021	0.0223529
000000000540.jpg	2	car	0.15725	0.933953	0.01975	0.0256
000000000540.jpg	2	car	0.212547	0.886906	0.0128125	0.0216235
000000000540.jpg	2	car	0.197828	0.869247	0.0156563	0.0223529
000000000540.jpg	2	car	0.310688	0.877788	0.0133125	0.0232
000000000540.jpg	2	car	0.490477	0.476671	0.00735937	0.0144706
000000000540.jpg	2	car	0.0875937	0.4588	0.0115625	0.0142588
000000000540.jpg	2	car	0.349578	0.836129	0.0176875	0.0300941
000000000540.jpg	5	bus	0.669656	0.491847	0.0365938	0.0243059
000000000540.jpg	7	truck	0.523484	0.468882	0.0173437	0.0320706
000000000540.jpg	2	car	0.459805	0.434224	0.00885937	0.0104235
000000000540.jpg	5	bus	0.718031	0.9306	0.0209688	0.0467059
000000000540.jpg	7	truck	0.155422	0.935353	0.0188437	0.0248235
000000000542.jpg	4	class_4	0.502547	0.340444	0.994906	0.662913
000000000542.jpg	0	person	0.401805	0.584236	0.107797	0.384463
000000000542.jpg	0	person	0.27082	0.604473	0.0755781	0.341219
000000000542.jpg	0	person	0.738406	0.569669	0.062875	0.330331
000000000542.jpg	0	person	0.593484	0.575	0.0739687	0.276488
000000000542.jpg	0	person	0.527797	0.573667	0.0628125	0.27407
000000000542.jpg	0	person	0.488664	0.57376	0.0522656	0.294752
000000000542.jpg	0	person	0.324	0.578771	0.0689063	0.280558
000000000542.jpg	0	person	0.74418	0.366963	0.0672969	0.195165
000000000542.jpg	0	person	0.470961	0.322727	0.105297	0.15781
000000000542.jpg	0	person	0.459164	0.583027	0.0480469	0.280723
000000000542.jpg	26	class_26	0.295695	0.602986	0.0277656	0.0583264
000000000542.jpg	26	class_26	0.311008	0.575919	0.0285156	0.0543182
000000000542.jpg	27	class_27	0.730539	0.47436	0.00192187	0.0209504
000000000542.jpg	26	class_26	0.770984	0.573388	0.0315625	0.0619008
000000000542.jpg	0	person	0.704641	0.290393	0.0307812	0.0542562
000000000542.jpg	0	person	0.451312	0.530269	0.0229062	0.154711
000000000544.jpg	32	class_32	0.94293	0.696721	0.0215781	0.0174239
000000000544.jpg	0	person	0.484273	0.759555	0.176922	0.377518
000000000544.jpg	0	person	0.269125	0.83596	0.202406	0.260679
000000000544.jpg	0	person	0.11932	0.797857	0.158859	0.334403
000000000544.jpg	0	person	0.141641	0.501288	0.0450625	0.104871
000000000544.jpg	0	person	0.40918	0.492845	0.0455781	0.117119
000000000544.jpg	0	person	0.32525	0.523993	0.0469375	0.0644731
000000000544.jpg	0	person	0.257008	0.502787	0.0486719	0.0983138
000000000544.jpg	0	person	0.0262656	0.60918	0.0523125	0.182436
000000000544.jpg	0	person	0.86825	0.520492	0.0339687	0.0491803
000000000544.jpg	34	class_34	0.389859	0.713326	0.0824063	0.0177986
000000000544.jpg	35	class_35	0.35707	0.796745	0.0316719	0.0716159
000000000544.jpg	0	person	0.0653438	0.624848	0.06675	0.139204
000000000544.jpg	0	person	0.287078	0.530316	0.0295312	0.0583372
000000000544.jpg	0	person	0.0493594	0.509801	0.0400625	0.106862
000000000544.jpg	0	person	0.813289	0.510515	0.0256094	0.0696019
000000000560.jpg	58	class_58	0.178391	0.504327	0.120261	0.199808
000000000560.jpg	71	class_71	0.297717	0.729647	0.24813	0.210321
000000000560.jpg	67	class_67	0.361152	0.612308	0.0228261	0.0187179
000000000560.jpg	71	class_71	0.509391	0.495673	0.0646957	0.0140385
000000000560.jpg	61	class_61	0.704239	0.520064	0.0867826	0.117179
000000000562.jpg	79	class_79	0.423227	0.342477	0.185839	0.185453
000000000562.jpg	79	class_79	0.538463	0.263258	0.185343	0.346859
000000000562.jpg	79	class_79	0.248203	0.270102	0.19721	0.285391
000000000562.jpg	41	class_41	0.514492	0.532648	0.731111	0.823266
000000000564.jpg	0	person	0.585096	0.742031	0.283615	0.43625
000000000564.jpg	0	person	0.914212	0.391609	0.171577	0.146719
000000000564.jpg	38	class_38	0.672365	0.708156	0.202846	0.0637812
000000000564.jpg	56	class_56	0.16275	0.383633	0.0835769	0.0347969
000000000564.jpg	56	class_56	0.252885	0.382375	0.0876538	0.03975
000000000564.jpg	56	class_56	0.435712	0.380219	0.0913462	0.0406562
000000000564.jpg	56	class_56	0.525846	0.503047	0.108769	0.0441875
000000000564.jpg	56	class_56	0.309221	0.427586	0.0964038	0.0472656
000000000564.jpg	56	class_56	0.219269	0.420742	0.0970385	0.0403281
000000000564.jpg	56	class_56	0.120962	0.425578	0.0902308	0.037
000000000564.jpg	56	class_56	0.0719038	0.385688	0.0918077	0.0350625
000000000564.jpg	56	class_56	0.851952	0.511687	0.118288	0.0727187
000000000564.jpg	56	class_56	0.676125	0.453242	0.0990962	0.0337656
000000000564.jpg	56	class_56	0.632846	0.501867	0.0988077	0.0426094
000000000564.jpg	56	class_56	0.512096	0.417664	0.127808	0.120953
000000000564.jpg	56	class_56	0.340683	0.395742	0.0936731	0.0648906
000000000569.jpg	0	person	0.200297	0.712146	0.125281	0.302875
000000000569.jpg	33	class_33	0.318227	0.461302	0.0469844	0.0648958
000000000569.jpg	33	class_33	0.278828	0.485896	0.0260312	0.067875
000000000569.jpg	33	class_33	0.245305	0.502354	0.0359219	0.049375
000000000569.jpg	33	class_33	0.230844	0.523781	0.0400937	0.0485208
000000000572.jpg	0	person	0.497506	0.514227	0.340304	0.846516
000000000572.jpg	0	person	0.316557	0.668648	0.30178	0.541047
000000000572.jpg	28	class_28	0.838735	0.765313	0.322529	0.346531
000000000575.jpg	15	class_15	0.283203	0.423216	0.552687	0.691657
000000000581.jpg	16	class_16	0.386237	0.56175	0.33167	0.51822
000000000584.jpg	44	class_44	0.272852	0.0844601	0.527703	0.16216
000000000584.jpg	50	class_50	0.536797	0.70669	0.0981563	0.12108
000000000584.jpg	50	class_50	0.463555	0.580915	0.303047	0.253474
000000000584.jpg	51	class_51	0.625687	0.844707	0.142531	0.192934
000000000584.jpg	51	class_51	0.762328	0.686068	0.127344	0.181901
000000000584.jpg	51	class_51	0.784656	0.536467	0.115906	0.183545
000000000584.jpg	51	class_51	0.852633	0.665904	0.104766	0.179319
000000000584.jpg	51	class_51	0.392148	0.376291	0.0589219	0.0844601
000000000584.jpg	51	class_51	0.421758	0.199108	0.115141	0.154742
000000000584.jpg	45	class_45	0.5	0.507864	1.0	0.94831
000000000584.jpg	51	class_51	0.374008	0.492535	0.134422	0.182817
000000000584.jpg	51	class_51	0.263648	0.537782	0.104266	0.162746
000000000584.jpg	51	class_51	0.638195	0.15473	0.0917344	0.104296
000000000584.jpg	51	class_51	0.602	0.503779	0.086625	0.128638
000000000589.jpg	29	class_29	0.73943	0.4845	0.0292969	0.013125
000000000589.jpg	0	person	0.657227	0.57649	0.227234	0.383937
000000000590.jpg	71	class_71	0.289658	0.60159	0.208313	0.02314
000000000590.jpg	45	class_45	0.292017	0.61358	0.227066	0.0552
000000000595.jpg	62	class_62	0.685258	0.735312	0.220297	0.233167
000000000597.jpg	20	class_20	0.559867	0.724113	0.0637031	0.0945968
000000000597.jpg	20	class_20	0.653281	0.685323	0.108	0.173468
000000000597.jpg	20	class_20	0.788078	0.691815	0.113875	0.174758
000000000597.jpg	20	class_20	0.365687	0.671008	0.117656	0.191048
000000000597.jpg	20	class_20	0.2565	0.693044	0.0930312	0.139476
000000000597.jpg	20	class_20	0.167117	0.706694	0.0544531	0.105403
000000000597.jpg	20	class_20	0.0457109	0.692137	0.0862031	0.134839
000000000599.jpg	58	class_58	0.912555	0.304939	0.173953	0.582948
000000000599.jpg	15	class_15	0.323703	0.540553	0.644531	0.898649
000000000599.jpg	57	class_57	0.484102	0.497002	0.968203	0.985012
000000000599.jpg	65	class_65	0.826	0.594816	0.280094	0.215725
000000000599.jpg	65	class_65	0.763406	0.485356	0.309375	0.148649
000000000605.jpg	60	class_60	0.5	0.502448	1.0	0.995104
000000000605.jpg	41	class_41	0.63007	0.440312	0.351359	0.364875
000000000605.jpg	44	class_44	0.453117	0.52624	0.0920781	0.204229
000000000605.jpg	41	class_41	0.751687	0.211229	0.222469	0.296625
000000000612.jpg	59	class_59	0.516891	0.739875	0.665531	0.5
000000000612.jpg	77	class_77	0.556156	0.65676	0.111062	0.182729
000000000612.jpg	77	class_77	0.455187	0.671396	0.096875	0.168958
000000000612.jpg	77	class_77	0.516672	0.633417	0.193719	0.225917
000000000612.jpg	77	class_77	0.612797	0.539677	0.114813	0.166896
000000000612.jpg	77	class_77	0.688164	0.55575	0.0537656	0.079375
000000000612.jpg	77	class_77	0.363398	0.496229	0.161516	0.20125
000000000612.jpg	77	class_77	0.546492	0.523333	0.0674531	0.03675
000000000612.jpg	77	class_77	0.655359	0.598187	0.090625	0.138
000000000612.jpg	77	class_77	0.737375	0.703396	0.216438	0.216042
000000000612.jpg	77	class_77	0.566086	0.431719	0.0779531	0.119979
000000000620.jpg	72	class_72	0.753187	0.459555	0.493625	0.910109
000000000620.jpg	53	class_53	0.432146	0.508687	0.461667	0.226938
000000000623.jpg	13	class_13	0.86172	0.38362	0.27656	0.47676
000000000623.jpg	77	class_77	0.4764	0.52584	0.946827	0.92584
000000000623.jpg	56	class_56	0.86248	0.36568	0.265653	0.47968
000000000623.jpg	0	person	0.71516	0.49351	0.564507	0.98182
000000000625.jpg	0	person	0.725	0.697578	0.1875	0.479821
000000000625.jpg	0	person	0.503906	0.646749	0.157812	0.607623
000000000625.jpg	0	person	0.361859	0.732578	0.144281	0.417982
000000000625.jpg	29	class_29	0.452195	0.275191	0.0527344	0.0484978
000000000626.jpg	74	class_74	0.520594	0.303323	0.0645625	0.0884792
000000000626.jpg	74	class_74	0.635297	0.319094	0.032625	0.0977292
000000000629.jpg	3	motorcycle	0.694297	0.786124	0.385562	0.367939
000000000634.jpg	0	person	0.474906	0.577531	0.680351	0.328094
000000000634.jpg	36	class_36	0.551557	0.739773	0.3774	0.0844844
000000000634.jpg	0	person	0.37534	0.0495391	0.0507728	0.0480781
000000000634.jpg	0	person	0.896546	0.0899062	0.206909	0.179375
000000000634.jpg	0	person	0.438841	0.0455938	0.0492037	0.03775
000000000634.jpg	0	person	0.212927	0.0824531	0.0598595	0.0446562
000000000636.jpg	61	class_61	0.444448	0.558563	0.552563	0.837844
000000000641.jpg	1	bicycle	0.200758	0.625491	0.0407344	0.140093
000000000641.jpg	1	bicycle	0.896867	0.644696	0.0273281	0.0509813
000000000641.jpg	5	bus	0.548531	0.501121	0.652219	0.534813
000000000641.jpg	0	person	0.91232	0.560888	0.0174844	0.0305607
000000000641.jpg	0	person	0.896828	0.603061	0.0272812	0.0803271
000000000641.jpg	0	person	0.940219	0.559556	0.0152187	0.0308879
000000000641.jpg	0	person	0.873758	0.567886	0.0109844	0.0533879
000000000641.jpg	0	person	0.728437	0.557897	0.007875	0.0614953
000000000641.jpg	0	person	0.953398	0.55868	0.0111406	0.0337617
000000000641.jpg	0	person	0.0650078	0.511799	0.0459219	0.0537383
000000000641.jpg	0	person	0.0219062	0.517243	0.031875	0.0536449
000000000641.jpg	0	person	0.0049375	0.538411	0.009875	0.0442523
000000000643.jpg	62	class_62	0.42217	0.716493	0.42062	0.529893
000000000643.jpg	39	class_39	0.18036	0.82772	0.09312	0.308133
000000000643.jpg	73	class_73	0.72236	0.389267	0.0116	0.126267
000000000643.jpg	73	class_73	0.85443	0.394213	0.09602	0.168427
000000000643.jpg	73	class_73	0.67057	0.39276	0.01246	0.128667
000000000643.jpg	73	class_73	0.68045	0.39272	0.01022	0.130347
000000000643.jpg	73	class_73	0.69228	0.395107	0.01284	0.126
000000000643.jpg	73	class_73	0.69397	0.759547	0.0587	0.152
000000000643.jpg	73	class_73	0.70329	0.39012	0.01758	0.130427
000000000643.jpg	73	class_73	0.73517	0.39176	0.1441	0.13056
000000000643.jpg	73	class_73	0.70365	0.946067	0.24438	0.0854133
000000000643.jpg	77	class_77	0.43418	0.07944	0.09648	0.141707
000000000643.jpg	45	class_45	0.3492	0.22412	0.08104	0.0635467
000000000643.jpg	64	class_64	0.23286	0.97588	0.07216	0.04728
000000000643.jpg	73	class_73	0.22994	0.248627	0.10952	0.0140533
000000000643.jpg	73	class_73	0.22808	0.260147	0.11112	0.0140533
000000000643.jpg	73	class_73	0.23099	0.273973	0.10746	0.01264
000000000643.jpg	77	class_77	0.81076	0.16444	0.07972	0.14712
000000000643.jpg	73	class_73	0.23152	0.286933	0.10744	0.0138667
000000000643.jpg	39	class_39	0.43892	0.215467	0.05436	0.176373
000000000650.jpg	15	class_15	0.519398	0.544087	0.476359	0.572061
000000000650.jpg	2	car	0.501859	0.820726	0.996281	0.332178
000000000656.jpg	2	car	0.86082	0.203231	0.278359	0.40214
000000000656.jpg	3	motorcycle	0.629773	0.497903	0.666234	0.964025
000000000656.jpg	2	car	0.246414	0.115752	0.454641	0.228242
000000000659.jpg	0	person	0.132172	0.552259	0.118562	0.537176
000000000659.jpg	0	person	0.249211	0.569659	0.104453	0.456165
000000000659.jpg	0	person	0.0285469	0.491588	0.0545625	0.312024
000000000659.jpg	0	person	0.0884609	0.379012	0.0463594	0.112612
000000000659.jpg	6	class_6	0.446703	0.554741	0.554625	0.794565
000000000659.jpg	0	person	0.165211	0.391718	0.0635781	0.0516706
000000000659.jpg	0	person	0.165625	0.400082	0.0372188	0.130424
000000000659.jpg	0	person	0.178945	0.354788	0.0235156	0.0436471
000000000659.jpg	26	class_26	0.174266	0.664047	0.0525	0.119341
